CDR3,Antigen,HLA
CASSLSFGTEAFF,SMLGIGIYPV,A*02:01
CASSLSFGTEAFF,LMFDRGMSLL,A*02:01
CASSLSFGTEAFF,ILEDRGFNQV,A*02:01
CASSLSFGTEAFF,MMWDRGLGMM,A*02:01
CASSLSFGTEAFF,NLSNLGILPV,A*02:01
CASSLSFGTEAFF,IMEDVGWLNV,A*02:01
CASSLSFGTEAFF,NMGGLGIMPV,A*02:01
CASSLSFGTEAFF,MMWDRGMGLL,A*02:01
CASSLSFGTEAFF,SMAGIGIVDV,A*02:01
CASSLSFGTEAFF,SMLGIGIVPV,A*02:01
CASSQNYEQYF,ALDSRSEHFM,A*02:01
CASSQNYEQYF,AMDSRADMFV,A*02:01
CASSQNYEQYF,SMNSREEVFV,A*02:01
CASSQNYEQYF,IMDSKSENFL,A*02:01
CASSQNYEQYF,SMNSHSGTFL,A*02:01
CAWSETGLGTGELFFG,ELAGIGILTV,A*02:01
CAWSETGLGLIGGWQFG,ELAGIGILTV,A*02:01
CAWSETGLNEGGEFFG,ELAGIGILTV,A*02:01
CASSLSFGTEAFF,AAGIGILTV,A*02:01
CASSLSFGTEAFF,ELAGIGILTV,A*02:01
CAISEVGVGQPQHF,EAAGIGILTV,A*02:01
CAISEVGVGQPQHF,AAGIGILTV,A*02:01
CAISEVGVGQPQHF,ELAGIGILTV,A*02:01
CASSLSAVQNNEQF,SLYNTVATL,A*02:01
CASSIRSSYEQ,GILGFVFTL,A*02:01
CASSISSTGEL,GILGFVFTL,A*02:01
CASSIGVYGY,GILGFVFTL,A*02:01
CASSSRSSYEQ,GILGFVFTL,A*02:01
CAWSETGLGMGGWQFG,ELAGIGILTV ,A*02:01
CAWSETGLGTGELFFG,ELAGIGILTV ,A*02:01
CASSFDAEAF,ALFNTVATL,A*02:01
CASSFDAEAF,CLFNTVATL,A*02:01
CASSFDAEAF,DLFNTVATL,A*02:01
CASSFDAEAF,ELFNTVATL,A*02:01
CASSFDAEAF,FLFNTVATL,A*02:01
CASSFDAEAF,GLFNTVATL,A*02:01
CASSFDAEAF,HLFNTVATL,A*02:01
CASSFDAEAF,ILFNTVATL,A*02:01
CASSFDAEAF,KLFNTVATL,A*02:01
CASSFDAEAF,LLFNTVATL,A*02:01
CASSFDAEAF,MLFNTVATL,A*02:01
CASSFDAEAF,NLFNTVATL,A*02:01
CASSFDAEAF,PLFNTVATL,A*02:01
CASSFDAEAF,QLFNTVATL,A*02:01
CASSFDAEAF,RLFNTVATL,A*02:01
CASSFDAEAF,SLFNTVATL,A*02:01
CASSFDAEAF,TLFNTVATL,A*02:01
CASSFDAEAF,VLFNTVATL,A*02:01
CASSFDAEAF,WLFNTVATL,A*02:01
CASSFDAEAF,SIFNTVATL,A*02:01
CASSFDAEAF,SMFNTVATL,A*02:01
CASSFDAEAF,STFNTVATL,A*02:01
CASSFDAEAF,SVFNTVATL,A*02:01
CASSFDAEAF,SLCNTVATL,A*02:01
CASSFDAEAF,SLWNTVATL,A*02:01
CASSFDAEAF,SLYNTVATL,A*02:01
CASSFDAEAF,SLFCTVATL,A*02:01
CASSFDAEAF,SLFHTVATL,A*02:01
CASSFDAEAF,SLFWTVATL,A*02:01
CASSFDAEAF,SLFYTVATL,A*02:01
CASSFDAEAF,SLFNSVATL,A*02:01
CASSFDAEAF,SLFNTFATL,A*02:01
CASSFDAEAF,SLFNTGATL,A*02:01
CASSFDAEAF,SLFNTIATL,A*02:01
CASSFDAEAF,SLFNTKATL,A*02:01
CASSFDAEAF,SLFNTLATL,A*02:01
CASSFDAEAF,SLFNTPATL,A*02:01
CASSFDAEAF,SLFNTTATL,A*02:01
CASSFDAEAF,SLFNTVCTL,A*02:01
CASSFDAEAF,SLFNTVETL,A*02:01
CASSFDAEAF,SLFNTVGTL,A*02:01
CASSFDAEAF,SLFNTVITL,A*02:01
CASSFDAEAF,SLFNTVLTL,A*02:01
CASSFDAEAF,SLFNTVMTL,A*02:01
CASSFDAEAF,SLFNTVPTL,A*02:01
CASSFDAEAF,SLFNTVRTL,A*02:01
CASSFDAEAF,SLFNTVSTL,A*02:01
CASSFDAEAF,SLFNTVTTL,A*02:01
CASSFDAEAF,SLFNTVVTL,A*02:01
CASSFDAEAF,SLFNTVWTL,A*02:01
CASSFDAEAF,SLFNTVAIL,A*02:01
CASSFDAEAF,SLFNTVALL,A*02:01
CASSFDAEAF,SLFNTVATF,A*02:01
CASSFDAEAF,SLFNTVATI,A*02:01
CASSFDAEAF,SLFNTVATM,A*02:01
CASSFDAEAF,SLFNTVATP,A*02:01
CASSFDAEAF,SLFNTVATT,A*02:01
CASSFDAEAF,SLFNTVATV,A*02:01
CATSSTGTGGGETQY,ALFNTVATL,A*02:01
CATSSTGTGGGETQY,CLFNTVATL,A*02:01
CATSSTGTGGGETQY,DLFNTVATL,A*02:01
CATSSTGTGGGETQY,ELFNTVATL,A*02:01
CATSSTGTGGGETQY,FLFNTVATL,A*02:01
CATSSTGTGGGETQY,GLFNTVATL,A*02:01
CATSSTGTGGGETQY,HLFNTVATL,A*02:01
CATSSTGTGGGETQY,ILFNTVATL,A*02:01
CATSSTGTGGGETQY,KLFNTVATL,A*02:01
CATSSTGTGGGETQY,LLFNTVATL,A*02:01
CATSSTGTGGGETQY,MLFNTVATL,A*02:01
CATSSTGTGGGETQY,NLFNTVATL,A*02:01
CATSSTGTGGGETQY,PLFNTVATL,A*02:01
CATSSTGTGGGETQY,QLFNTVATL,A*02:01
CATSSTGTGGGETQY,SLFNTVATL,A*02:01
CATSSTGTGGGETQY,TLFNTVATL,A*02:01
CATSSTGTGGGETQY,VLFNTVATL,A*02:01
CATSSTGTGGGETQY,WLFNTVATL,A*02:01
CATSSTGTGGGETQY,YLFNTVATL,A*02:01
CATSSTGTGGGETQY,SAFNTVATL,A*02:01
CATSSTGTGGGETQY,SIFNTVATL,A*02:01
CATSSTGTGGGETQY,SKFNTVATL,A*02:01
CATSSTGTGGGETQY,SMFNTVATL,A*02:01
CATSSTGTGGGETQY,SQFNTVATL,A*02:01
CATSSTGTGGGETQY,STFNTVATL,A*02:01
CATSSTGTGGGETQY,SVFNTVATL,A*02:01
CATSSTGTGGGETQY,SLHNTVATL,A*02:01
CATSSTGTGGGETQY,SLINTVATL,A*02:01
CATSSTGTGGGETQY,SLPNTVATL,A*02:01
CATSSTGTGGGETQY,SLYNTVATL,A*02:01
CATSSTGTGGGETQY,SLFCTVATL,A*02:01
CATSSTGTGGGETQY,SLFDTVATL,A*02:01
CATSSTGTGGGETQY,SLFNSVATL,A*02:01
CATSSTGTGGGETQY,SLFNTIATL,A*02:01
CATSSTGTGGGETQY,SLFNTLATL,A*02:01
CATSSTGTGGGETQY,SLFNTYATL,A*02:01
CATSSTGTGGGETQY,SLFNTVETL,A*02:01
CATSSTGTGGGETQY,SLFNTVGTL,A*02:01
CATSSTGTGGGETQY,SLFNTVMTL,A*02:01
CATSSTGTGGGETQY,SLFNTVPTL,A*02:01
CATSSTGTGGGETQY,SLFNTVAAL,A*02:01
CATSSTGTGGGETQY,SLFNTVACL,A*02:01
CATSSTGTGGGETQY,SLFNTVAIL,A*02:01
CATSSTGTGGGETQY,SLFNTVAKL,A*02:01
CATSSTGTGGGETQY,SLFNTVAML,A*02:01
CATSSTGTGGGETQY,SLFNTVANL,A*02:01
CATSSTGTGGGETQY,SLFNTVARL,A*02:01
CATSSTGTGGGETQY,SLFNTVASL,A*02:01
CATSSTGTGGGETQY,SLFNTVAVL,A*02:01
CATSSTGTGGGETQY,SLFNTVATA,A*02:01
CATSSTGTGGGETQY,SLFNTVATE,A*02:01
CATSSTGTGGGETQY,SLFNTVATF,A*02:01
CATSSTGTGGGETQY,SLFNTVATG,A*02:01
CATSSTGTGGGETQY,SLFNTVATI,A*02:01
CATSSTGTGGGETQY,SLFNTVATM,A*02:01
CATSSTGTGGGETQY,SLFNTVATN,A*02:01
CATSSTGTGGGETQY,SLFNTVATP,A*02:01
CATSSTGTGGGETQY,SLFNTVATQ,A*02:01
CATSSTGTGGGETQY,SLFNTVATS,A*02:01
CATSSTGTGGGETQY,SLFNTVATT,A*02:01
CATSSTGTGGGETQY,SLFNTVATV,A*02:01
CASSSYRVQGASENIQY,SLFNTVATL,A*02:01
CASSGTEDEKLF,SLFNTVATL,A*02:01
CASSSYRVQGASENIQY,SLYNTVATL,A*02:01
CASSSHDTGGYNSPLHFG,EFFWDANDIY,A*02:01
CASSFRDYGNYEQYFG,EFFWDANDIY,A*02:01
CASSIGPALNTEAFFG,EFFWDANDIY,A*02:01
CASMGNSAGANVLTFG,NLVPMVATV,A*02:01
CASSSANYGYTFG,NLVPMVATV,A*02:01
CASSSVSEAFFG,NLVPMVATV,A*02:01
CASSSVNEQFFG,NLVPMVATV,A*02:01
CASSYQTGTGNYGYTFG,NLVPMVATV,A*02:01
CASSYSGHVYEQYFG,NLVPMVATV,A*02:01
CASRGQGFSYEQYFG,NLVPMVATV,A*02:01
CASSFLGLNEQFFG,NLVPMVATV,A*02:01
CASSLDIPSYNEQFFG,NLVPMVATV,A*02:01
CASSVPGAGEETQY,LLFGYPVYV,A*02:01
CASSSPGQGNYEQY,LLFGYPVYV,A*02:01
CASSTPGQGAYEQY,LLFGYPVYV,A*02:01
CASSYPGQGEHEQY,LLFGYPVYV,A*02:01
CASSSPGTGVNEQF,LLFGYPVYV,A*02:01
CASSSPGTGVNEQF,LGYGFVNYV,A*02:01
CASSSPGTGVNEQF,MLWGYLQYV,A*02:01
CASSVPGAGEETQY,LLFGYPVVV,A*02:01
CASSVPGAGEETQY,LLFGYPVLV,A*02:01
CASSVPGAGEETQY,LLFGYPVIV,A*02:01
CASSVPGAGEETQY,LLFGYPVMV,A*02:01
CASSVPGAGEETQY,LLFGYPVFV,A*02:01
CASSVPGAGEETQY,LLFGYPVWV,A*02:01
CASSVPGAGEETQY,LLFGYPVHV,A*02:01
CASSVPGAGEETQY,LLFGYPVRV,A*02:01
CASSVPGAGEETQY,LLFGYPVKV,A*02:01
CASSVPGAGEETQY,LLFGYPVDV,A*02:01
CASSVPGAGEETQY,LLFGYPVEV,A*02:01
CASSVPGAGEETQY,LLFGYPVNV,A*02:01
CASSVPGAGEETQY,LLFGYPVQV,A*02:01
CASSVPGAGEETQY,LLFGYPVSV,A*02:01
CASSVPGAGEETQY,LLFGYPVTV,A*02:01
CASSSPGQGNYEQY,LLFGYPVVV,A*02:01
CASSSPGQGNYEQY,LLFGYPVLV,A*02:01
CASSSPGQGNYEQY,LLFGYPVIV,A*02:01
CASSSPGQGNYEQY,LLFGYPVMV,A*02:01
CASSSPGQGNYEQY,LLFGYPVFV,A*02:01
CASSSPGQGNYEQY,LLFGYPVWV,A*02:01
CASSSPGQGNYEQY,LLFGYPVHV,A*02:01
CASSSPGQGNYEQY,LLFGYPVRV,A*02:01
CASSSPGQGNYEQY,LLFGYPVKV,A*02:01
CASSSPGQGNYEQY,LLFGYPVDV,A*02:01
CASSSPGQGNYEQY,LLFGYPVEV,A*02:01
CASSSPGQGNYEQY,LLFGYPVNV,A*02:01
CASSSPGQGNYEQY,LLFGYPVQV,A*02:01
CASSSPGQGNYEQY,LLFGYPVSV,A*02:01
CASSSPGQGNYEQY,LLFGYPVTV,A*02:01
CASSTPGQGAYEQY,LLFGYPVVV,A*02:01
CASSTPGQGAYEQY,LLFGYPVLV,A*02:01
CASSTPGQGAYEQY,LLFGYPVIV,A*02:01
CASSTPGQGAYEQY,LLFGYPVMV,A*02:01
CASSTPGQGAYEQY,LLFGYPVFV,A*02:01
CASSTPGQGAYEQY,LLFGYPVWV,A*02:01
CASSTPGQGAYEQY,LLFGYPVHV,A*02:01
CASSTPGQGAYEQY,LLFGYPVRV,A*02:01
CASSTPGQGAYEQY,LLFGYPVKV,A*02:01
CASSTPGQGAYEQY,LLFGYPVEV,A*02:01
CASSTPGQGAYEQY,LLFGYPVNV,A*02:01
CASSTPGQGAYEQY,LLFGYPVQV,A*02:01
CASSTPGQGAYEQY,LLFGYPVSV,A*02:01
CASSTPGQGAYEQY,LLFGYPVTV,A*02:01
CASSYPGQGEHEQY,LLFGYPVVV,A*02:01
CASSYPGQGEHEQY,LLFGYPVLV,A*02:01
CASSYPGQGEHEQY,LLFGYPVIV,A*02:01
CASSYPGQGEHEQY,LLFGYPVMV,A*02:01
CASSYPGQGEHEQY,LLFGYPVFV,A*02:01
CASSYPGQGEHEQY,LLFGYPVWV,A*02:01
CASSYPGQGEHEQY,LLFGYPVHV,A*02:01
CASSYPGQGEHEQY,LLFGYPVRV,A*02:01
CASSYPGQGEHEQY,LLFGYPVKV,A*02:01
CASSYPGQGEHEQY,LLFGYPVDV,A*02:01
CASSYPGQGEHEQY,LLFGYPVEV,A*02:01
CASSYPGQGEHEQY,LLFGYPVNV,A*02:01
CASSYPGQGEHEQY,LLFGYPVQV,A*02:01
CASSYPGQGEHEQY,LLFGYPVSV,A*02:01
CASSYPGQGEHEQY,LLFGYPVTV,A*02:01
CASSSPGTGVNEQF,LLFGYPVVV,A*02:01
CASSSPGTGVNEQF,LLFGYPVLV,A*02:01
CASSSPGTGVNEQF,LLFGYPVIV,A*02:01
CASSSPGTGVNEQF,LLFGYPVMV,A*02:01
CASSSPGTGVNEQF,LLFGYPVFV,A*02:01
CASSSPGTGVNEQF,LLFGYPVWV,A*02:01
CASSSPGTGVNEQF,LLFGYPVHV,A*02:01
CASSSPGTGVNEQF,LLFGYPVRV,A*02:01
CASSSPGTGVNEQF,LLFGYPVKV,A*02:01
CASSSPGTGVNEQF,LLFGYPVEV,A*02:01
CASSSPGTGVNEQF,LLFGYPVNV,A*02:01
CASSSPGTGVNEQF,LLFGYPVQV,A*02:01
CASSSPGTGVNEQF,LLFGYPVSV,A*02:01
CASSSPGTGVNEQF,LLFGYPVTV,A*02:01
CASSGTSGTEQYF,GILGFVFTL,A*02:01
CASSIRSGAEQYF,GILGFVFTL,A*02:01
CASSLRAAYEQYF,GILGFVFTL,A*02:01
CSSVRSADTQYF,GILGFVFTL,A*02:01
CASSIFSVSNEQYF,GILGFVFTL,A*02:01
CASSGTGAGEQYF,GILGFVFTL,A*02:01
CASSVGQPQHF,GILGFVFTL,A*02:01
CASSVRSSGEQFF,GILGFVFTL,A*02:01
CASSLIFPGRAFF,GILGFVFTL,A*02:01
CSARDRIGNTIYF,GLCTLVAML,A*02:01
CSARPDSDYGYTF,GLCTLVAML,A*02:01
CSARSGVVNTIYF,GLCTLVAML,A*02:01
CSARWGVGNTIYF,GLCTLVAML,A*02:01
CASSQGDVAPGTQYF,GLCTLVAML,A*02:01
CASSDGQLTAGELFF,GLCTLVAML,A*02:01
CASSRLGDYTF,GLCTLVAML,A*02:01
CSARTEGAEAFF,CVNGSCFTV,A*02:01
CASSYWTGSSAETQYF,CINGVCWTV,A*02:01
CSARTSGDFGEQFF,CINGVCWTV,A*02:01
CASSQESGTEAFFG,CINGVCWTV,A*02:01
CASTIGSSEKLFF,CINGVCWTV,A*02:01
CASSQVQTEPSGYTF,CINGVCWTV,A*02:01
CASSQEVTVPTYEQYF,CINGVCWTV,A*02:01
CASSYQGTEAF,ILAKFLHWL,A*02:01
CGIQPQGTEAF,ILAKFLHWL,A*02:01
CASSPVYGVAYEQYF,LLQCTQQAV,A*02:01
CASSDLPGAPTDTQYF,ILCETCLIV,A*02:01
CASSQDRGIGYGYTF,LLQCTQQAV,A*02:01
CASSIGVYGYT,GILGFVFTL,A*02:01
CAWSETGLGTGELF,ELAGIGILTV,A*02:01
CASSYVGNTGELF,SLLMWITQC,A*02:01
CASSPVTGGIYGYT,NLVPMVATV,A*02:01
CAWSETGLGTGELF,EAAGIGILTV,A*02:01
CSARDGTGNGYT,GLCTLVAML,A*02:01
CASRPGLAGGRPEQY,LGYGFVNYI,A*02:01
CASRPGLAGGRPEQY,LLFGYAVYV,A*02:01
CASRPGLAGGRPEQY,LLFGYPVAV,A*02:01
CASRPGLAGGRPEQY,LLFGFPVYV,A*02:01
CASSYVGNTGELF,SLLMWITQV,A*02:01
CASSFIGGTDTQY,YLEPGPVTV,A*02:01
CASSLWEKLAKNIQY,ALWGPDPAAA,A*02:01
CASSLWEKLAKNIQY,RQWGPDPAAV,A*02:01
CASSDTVSYEQY,SLFNTIAVL,A*02:01
CASSDTVSYEQY,SLYNTIATL,A*02:01
CASSSRSSYEQY,GILGLVFTL,A*02:01
CASSLWEKLAKNIQY,MVWGPDPLYV,A*02:01
CASSLWEKLAKNIQY,RQFGPDFPTI,A*02:01
CASSLWEKLAKNIQY,RQFGPDWIVA,A*02:01
CASSLWEKLAKNIQY,YLGGPDFPTI,A*02:01
CASSLWEKLAKNIQY,YQFGPDFPIA,A*02:01
CASSPTSGSIYEQYF,GLCTLVAML,A*02:01
CSARTGAGNTIYF,GLCTLVAML,A*02:01
CSVGQDGTNEKLF,GLCTLVAML,A*02:01
CSVGRDGTNEKLF,GLCTLVAML,A*02:01
CSGVSGGTNEKLF,GLCTLVAML,A*02:01
CASSPLRGSNQPQHF,YVLDHLIVV,A*02:01
CASSIQGGNYGYTF,FLYALALLL,A*02:01
CASSYQGGSDGYTF,FLYALALLL,A*02:01
CASSYQGGSSGYTF,FLYALALLL,A*02:01
CASSYQGGGNYGYTF,FLYALALLL,A*02:01
CASSYQGGTNYGYTF,FLYALALLL,A*02:01
CASSPRHTDTQYF,GILGFVFTL,A*02:01
CASSTRHTDTQYF,GILGFVFTL,A*02:01
CASSYQTGANYGYTF,NLVPMVATV,A*02:01
CASSKGGTEAF,TLLANVTAV,A*02:01
CASSLGGTEAF,TLLANVTAV,A*02:01
